{"cameraMode":{"drawMode":0,"name":"Shaded","section":"Shading Mode"},"sceneLighting":false,"audioPlay":false,"sceneViewState":{"showFog":false,"showMaterialUpdate":false,"showSkybox":false,"showFlares":true,"showImageEffects":true,"showParticleSystems":true},"in2DMode":false,"pivot":{"x":295.2450256347656,"y":168.0478515625,"z":-849.51123046875},"rotation":{"x":-0.0236880611628294,"y":0.0003102020127698779,"z":0.000007572270533273695,"w":0.9997212290763855},"size":3.5221502780914308,"orthographic":true}