{"cameraMode":{"drawMode":0,"name":"Shaded","section":"Shading Mode"},"sceneLighting":true,"audioPlay":false,"sceneViewState":{"showFog":false,"showMaterialUpdate":false,"showSkybox":true,"showFlares":true,"showImageEffects":true,"showParticleSystems":true},"in2DMode":false,"pivot":{"x":114.53703308105469,"y":253.59259033203126,"z":0.0},"rotation":{"x":-0.0236880611628294,"y":0.0003102020127698779,"z":0.000007572270533273695,"w":0.9997212290763855},"size":538.8577270507813,"orthographic":true}